{
  "instance_info": {
    "problem_size": "large",
    "num_customers": 15,
    "num_stations": 3,
    "vehicle_capacity": 50.0,
    "vehicle_battery": 120.0,
    "consumption_rate": 1.0,
    "total_demand": 190.98517235247644,
    "customers": [
      "{'id': 1, 'x': 8.484253711388966, 'y': 31.624190363594895, 'demand': 18.657776176155437, 'ready_time': 0, 'due_time': 1000, 'service_time': 5.29667992029273}",
      "{'id': 2, 'x': 89.75118435911983, 'y': 50.10178295090817, 'demand': 10.430259363652212, 'ready_time': 0, 'due_time': 1000, 'service_time': 4.683096527616072}",
      "{'id': 3, 'x': 26.749350335299415, 'y': 121.60178435844765, 'demand': 18.824225315423654, 'ready_time': 0, 'due_time': 1000, 'service_time': 3.8667742954872617}",
      "{'id': 4, 'x': 48.95174045552855, 'y': 9.497277580104013, 'demand': 7.154621977802436, 'ready_time': 0, 'due_time': 1000, 'service_time': 5.7944298595626025}",
      "{'id': 5, 'x': 2.6609963010751025, 'y': 177.88359769502952, 'demand': 10.908324184680882, 'ready_time': 0, 'due_time': 1000, 'service_time': 4.0807986219155294}",
      "{'id': 6, 'x': 18.050812503842707, 'y': 29.906469785963097, 'demand': 9.52000486574287, 'ready_time': 0, 'due_time': 1000, 'service_time': 5.8315622239302165}",
      "{'id': 7, 'x': 128.963426405559, 'y': 188.19155404937925, 'demand': 19.02902793073381, 'ready_time': 0, 'due_time': 1000, 'service_time': 2.2825755427856453}",
      "{'id': 8, 'x': 175.6843598101227, 'y': 62.352339026149316, 'demand': 16.49469402854048, 'ready_time': 0, 'due_time': 1000, 'service_time': 3.3126952644251677}",
      "{'id': 9, 'x': 111.66431534187937, 'y': 0.45396885781030516, 'demand': 7.491941783359562, 'ready_time': 0, 'due_time': 1000, 'service_time': 2.4694518431619805}",
      "{'id': 10, 'x': 188.35361723286715, 'y': 21.465138209251442, 'demand': 8.141779220656257, 'ready_time': 0, 'due_time': 1000, 'service_time': 7.607033162202663}",
      "{'id': 11, 'x': 134.54274455723282, 'y': 31.147554485570982, 'demand': 14.466927898571969, 'ready_time': 0, 'due_time': 1000, 'service_time': 3.0596045752029197}",
      "{'id': 12, 'x': 101.09907516340945, 'y': 90.46128997734164, 'demand': 7.8629981629374335, 'ready_time': 0, 'due_time': 1000, 'service_time': 6.68566215536819}",
      "{'id': 13, 'x': 23.586711862043884, 'y': 144.16254769474511, 'demand': 9.415715353660316, 'ready_time': 0, 'due_time': 1000, 'service_time': 2.1690309311081415}",
      "{'id': 14, 'x': 64.06116809719902, 'y': 3.9006873657913443, 'demand': 16.02374960908634, 'ready_time': 0, 'due_time': 1000, 'service_time': 2.5252366329984097}",
      "{'id': 15, 'x': 157.7816050725726, 'y': 12.42503151281118, 'demand': 16.563126481472768, 'ready_time': 0, 'due_time': 1000, 'service_time': 7.958795042816934}"
    ],
    "stations": [
      "{'id': 100, 'x': 50.0, 'y': 50.0}",
      "{'id': 101, 'x': 150.0, 'y': 50.0}",
      "{'id': 102, 'x': 50.0, 'y': 150.0}"
    ],
    "depot": "{'id': 0, 'x': 100.0, 'y': 100.0}"
  },
  "gurobi_result": {
    "solver": "Gurobi",
    "total_distance": 830.2988564951818,
    "num_vehicles": 8,
    "routes": [
      "[Customer(id=1, x=8.484253711388966, y=31.624190363594895, demand=18.657776176155437, service_time=5.29667992029273, time_window=(1.513785985612024, 31.513785985612024)), Customer(id=6, x=18.050812503842707, y=29.906469785963097, demand=9.52000486574287, service_time=5.8315622239302165, time_window=(14.139119562163224, 44.13911956216322))]",
      "[Customer(id=2, x=89.75118435911983, y=50.10178295090817, demand=10.430259363652212, service_time=4.683096527616072, time_window=(47.83706865825528, 77.83706865825528)), Customer(id=9, x=111.66431534187937, y=0.45396885781030516, demand=7.491941783359562, service_time=2.4694518431619805, time_window=(48.316976898201624, 78.31697689820163)), Customer(id=14, x=64.06116809719902, y=3.9006873657913443, demand=16.02374960908634, service_time=2.5252366329984097, time_window=(15.632570587435952, 45.63257058743595)), Customer(id=4, x=48.95174045552855, y=9.497277580104013, demand=7.154621977802436, service_time=5.7944298595626025, time_window=(52.17121736485795, 82.17121736485795))]",
      "[Customer(id=3, x=26.749350335299415, y=121.60178435844765, demand=18.824225315423654, service_time=3.8667742954872617, time_window=(9.793309264137392, 39.79330926413739)), Customer(id=5, x=2.6609963010751025, y=177.88359769502952, demand=10.908324184680882, service_time=4.0807986219155294, time_window=(10.811186291605178, 40.81118629160518)), Customer(id=13, x=23.586711862043884, y=144.16254769474511, demand=9.415715353660316, service_time=2.1690309311081415, time_window=(63.951956055125756, 93.95195605512575))]",
      "[Customer(id=7, x=128.963426405559, y=188.19155404937925, demand=19.02902793073381, service_time=2.2825755427856453, time_window=(54.15041700411625, 84.15041700411625))]",
      "[Customer(id=8, x=175.6843598101227, y=62.352339026149316, demand=16.49469402854048, service_time=3.3126952644251677, time_window=(56.5475721769153, 86.54757217691531)), Customer(id=11, x=134.54274455723282, y=31.147554485570982, demand=14.466927898571969, service_time=3.0596045752029197, time_window=(32.729871417834055, 62.729871417834055))]",
      "[Customer(id=10, x=188.35361723286715, y=21.465138209251442, demand=8.141779220656257, service_time=7.607033162202663, time_window=(37.57064699078879, 67.57064699078879))]",
      "[Customer(id=12, x=101.09907516340945, y=90.46128997734164, demand=7.8629981629374335, service_time=6.68566215536819, time_window=(26.188049675833096, 56.1880496758331))]",
      "[Customer(id=15, x=157.7816050725726, y=12.42503151281118, demand=16.563126481472768, service_time=7.958795042816934, time_window=(48.660901536345854, 78.66090153634585))]"
    ],
    "computation_time": 0.5066511631011963,
    "status": "relaxed_optimal",
    "gap": 0.0,
    "model_info": "{'num_variables': 0, 'num_constraints': 0}"
  },
  "ga_result": {
    "solver": "Genetic Algorithm",
    "total_distance": 24350.233762753684,
    "num_vehicles": 2,
    "routes": [
      "{'path': [0, 8, 101, 101, 11, 9, 13, 7, 0], 'demand': 0.0, 'distance': 551.2754151942414}",
      "{'path': [0, 12, 2, 101, 10, 15, 102, 5, 102, 3, 100, 1, 6, 4, 14, 0], 'demand': 0.0, 'distance': 798.95834755944}"
    ],
    "computation_time": 0.9875748157501221,
    "status": "success",
    "population_size": 100,
    "generations": 200
  },
  "comparison_metrics": {
    "distance_difference": 23519.934906258502,
    "distance_ratio": 29.3270712976045,
    "time_difference": 0.4809236526489258,
    "time_ratio": 1.9492204650339828,
    "vehicle_difference": -6
  },
  "timestamp": "2025-08-21T14:49:58.218962"
}