{
  "instance_info": {
    "problem_size": "medium",
    "num_customers": 12,
    "num_stations": 3,
    "vehicle_capacity": 40.0,
    "vehicle_battery": 100.0,
    "consumption_rate": 1.0,
    "total_demand": 145.0701035572063,
    "customers": [
      "{'id': 1, 'x': 92.05624255109812, 'y': 103.76067035441739, 'demand': 9.164902631038675, 'ready_time': 0, 'due_time': 1000, 'service_time': 7.045963981401883}",
      "{'id': 2, 'x': 67.78037587191156, 'y': 132.24264877454468, 'demand': 11.820578100753767, 'ready_time': 0, 'due_time': 1000, 'service_time': 6.4062386223732135}",
      "{'id': 3, 'x': 54.895198092542365, 'y': 117.64213891880054, 'demand': 12.268285487286445, 'ready_time': 0, 'due_time': 1000, 'service_time': 6.372857523053067}",
      "{'id': 4, 'x': 106.6203624705102, 'y': 75.48363096062334, 'demand': 11.40864005855703, 'ready_time': 0, 'due_time': 1000, 'service_time': 2.159217460220404}",
      "{'id': 5, 'x': 74.44234855519883, 'y': 104.65938111524314, 'demand': 18.670673806880615, 'ready_time': 0, 'due_time': 1000, 'service_time': 2.3199978968923474}",
      "{'id': 6, 'x': 12.9950074223958, 'y': 144.92242592947696, 'demand': 7.850546638673563, 'ready_time': 0, 'due_time': 1000, 'service_time': 6.744985313477512}",
      "{'id': 7, 'x': 86.45522122594777, 'y': 100.79753831883144, 'demand': 11.91214292483792, 'ready_time': 0, 'due_time': 1000, 'service_time': 2.429488654965183}",
      "{'id': 8, 'x': 134.0352919963254, 'y': 37.49334769996746, 'demand': 7.807981155543056, 'ready_time': 0, 'due_time': 1000, 'service_time': 2.7056348311483105}",
      "{'id': 9, 'x': 111.23251243542911, 'y': 87.13808861769743, 'demand': 9.404066770065583, 'ready_time': 0, 'due_time': 1000, 'service_time': 4.258405756489893}",
      "{'id': 10, 'x': 146.10108377005656, 'y': 38.77894761099187, 'demand': 15.077202931884143, 'ready_time': 0, 'due_time': 1000, 'service_time': 5.474207527425041}",
      "{'id': 11, 'x': 84.85962398210182, 'y': 131.757228646343, 'demand': 13.71262503474994, 'ready_time': 0, 'due_time': 1000, 'service_time': 4.348171916421801}",
      "{'id': 12, 'x': 13.858049988016901, 'y': 100.03023957537519, 'demand': 15.972458016935537, 'ready_time': 0, 'due_time': 1000, 'service_time': 7.7266929654232595}"
    ],
    "stations": [
      "{'id': 100, 'x': 37.5, 'y': 37.5}",
      "{'id': 101, 'x': 112.5, 'y': 37.5}",
      "{'id': 102, 'x': 37.5, 'y': 112.5}"
    ],
    "depot": "{'id': 0, 'x': 75.0, 'y': 75.0}"
  },
  "gurobi_result": {
    "solver": "Gurobi",
    "total_distance": 448.2953956729059,
    "num_vehicles": 6,
    "routes": [
      "[Customer(id=1, x=92.05624255109812, y=103.76067035441739, demand=9.164902631038675, service_time=7.045963981401883, time_window=(27.47455293126658, 57.47455293126658)), Customer(id=5, x=74.44234855519883, y=104.65938111524314, demand=18.670673806880615, service_time=2.3199978968923474, time_window=(49.981128752487415, 79.98112875248742))]",
      "[Customer(id=2, x=67.78037587191156, y=132.24264877454468, demand=11.820578100753767, service_time=6.4062386223732135, time_window=(21.895671936270375, 51.895671936270375)), Customer(id=11, x=84.85962398210182, y=131.757228646343, demand=13.71262503474994, service_time=4.348171916421801, time_window=(18.667592605426847, 48.66759260542685)), Customer(id=3, x=54.895198092542365, y=117.64213891880054, demand=12.268285487286445, service_time=6.372857523053067, time_window=(25.423619860685996, 55.423619860685996))]",
      "[Customer(id=4, x=106.6203624705102, y=75.48363096062334, demand=11.40864005855703, service_time=2.159217460220404, time_window=(54.47472940610347, 84.47472940610348)), Customer(id=9, x=111.23251243542911, y=87.13808861769743, demand=9.404066770065583, service_time=4.258405756489893, time_window=(27.29651464120865, 57.296514641208645))]",
      "[Customer(id=6, x=12.9950074223958, y=144.92242592947696, demand=7.850546638673563, service_time=6.744985313477512, time_window=(37.316286827638365, 67.31628682763836)), Customer(id=12, x=13.858049988016901, y=100.03023957537519, demand=15.972458016935537, service_time=7.7266929654232595, time_window=(41.27329406659797, 71.27329406659797))]",
      "[Customer(id=7, x=86.45522122594777, y=100.79753831883144, demand=11.91214292483792, service_time=2.429488654965183, time_window=(62.020359262363904, 92.02035926236391))]",
      "[Customer(id=8, x=134.0352919963254, y=37.49334769996746, demand=7.807981155543056, service_time=2.7056348311483105, time_window=(34.147933526729034, 64.14793352672903)), Customer(id=10, x=146.10108377005656, y=38.77894761099187, demand=15.077202931884143, service_time=5.474207527425041, time_window=(31.92405795190986, 61.92405795190986))]"
    ],
    "computation_time": 0.4845540523529053,
    "status": "relaxed_optimal",
    "gap": 0.0,
    "model_info": "{'num_variables': 0, 'num_constraints': 0}"
  },
  "ga_result": {
    "solver": "Genetic Algorithm",
    "total_distance": 16639.530562788077,
    "num_vehicles": 2,
    "routes": [
      "{'path': [0, 1, 11, 2, 3, 101, 8, 10, 102, 6, 12, 0], 'demand': 0.0, 'distance': 514.13809847306}",
      "{'path': [0, 9, 4, 7, 5, 0], 'demand': 0.0, 'distance': 125.39246431501641}"
    ],
    "computation_time": 0.5907340049743652,
    "status": "success",
    "population_size": 100,
    "generations": 200
  },
  "comparison_metrics": {
    "distance_difference": 16191.235167115172,
    "distance_ratio": 37.117335407408326,
    "time_difference": 0.10617995262145996,
    "time_ratio": 1.2191292222320083,
    "vehicle_difference": -4
  },
  "timestamp": "2025-08-21T14:49:56.724113"
}