{
  "status": "relaxed_optimal",
  "objective_value": 228.4177006152372,
  "solve_time": 60,
  "solution": {
    "routes": [
      [
        "Customer(id=1, x=51.1541438766307, y=2.000860417813355, demand=9.125439775536789, service_time=3.3392644288929363, time_window=(51.55298499148087, 81.55298499148087))",
        "Customer(id=4, x=43.59531844825733, y=17.635249763255736, demand=13.838985258138631, service_time=6.85658274006696, time_window=(0.4549131774642712, 30.45491317746427))",
        "Customer(id=6, x=26.927563609010143, y=7.419667470411833, demand=6.45074565250196, service_time=7.084966198084759, time_window=(42.26082219568237, 72.26082219568238))"
      ],
      [
        "Customer(id=2, x=54.1359589938329, y=71.37436541638763, demand=6.304082489441242, service_time=4.531530918111622, time_window=(2.0858053606649243, 32.08580536066492))",
        "Customer(id=8, x=44.16325050185816, y=66.35237314023959, demand=14.27779628546369, service_time=7.170241401864663, time_window=(40.41465016797334, 70.41465016797335))"
      ],
      [
        "Customer(id=3, x=17.49103798428827, y=40.42842304826899, demand=5.398039545257954, service_time=3.193025904119891, time_window=(45.49191064456662, 75.49191064456662))"
      ],
      [
        "Customer(id=5, x=64.46554014662463, y=55.85115159905815, demand=10.103757747769878, service_time=2.9328769988706895, time_window=(67.00491505447468, 97.00491505447468))",
        "Customer(id=7, x=64.57026186195041, y=58.37854293550543, demand=13.04342137182051, service_time=7.838694583876224, time_window=(26.497406404584744, 56.497406404584744))"
      ]
    ],
    "num_vehicles": 4,
    "total_distance": 228.4177006152372
  },
  "model_status": 2
}